17.39.42.230,2019-07-02,19:44:52,购物,珠宝配饰,观音
17.39.42.230,2019-07-22,02:13:53,游戏,休闲益智,手机弹钢琴
17.39.42.230,2019-07-24,22:29:09,购物,美妆,倩碧
17.39.42.230,2019-07-07,22:20:48,购物,乐器,尤克里里
17.39.42.230,2019-07-02,02:43:05,购物,母婴儿童,爬行垫
17.39.42.230,2019-07-13,05:02:21,游戏,动作冒险,Adventurous Commando
17.39.42.230,2019-07-21,08:32:28,音乐,民谣,Summer Dream (Amherst 2004)Sun City Girls
17.39.42.230,2019-07-04,12:35:32,音乐,嘻哈,Run This TownRihanna
17.39.42.230,2019-07-14,11:43:53,游戏,扑克棋牌,Gary's Adventure
17.39.42.230,2019-07-17,22:02:49,游戏,飞行射击,坦克VS战机
17.39.42.230,2019-07-06,21:02:47,购物,乐器,尤克里里
17.39.42.230,2019-07-29,15:06:36,电影电视,战争,"婚姻背后张嘉译,刘佳,金鑫,"
17.39.42.230,2019-07-09,03:07:15,游戏,经营策略,孤岛余生
17.39.42.230,2019-07-18,17:34:55,游戏,休闲益智,Colour Game of Ben ten for children
17.39.42.230,2019-07-24,08:12:38,电影电视,家庭,"小姨多鹤孙俪,姜武,闫学晶,"
17.39.42.230,2019-07-10,17:26:06,电影电视,恐怖,"夺命旅行黄品冠,"
17.39.42.230,2019-07-31,19:50:17,购物,母婴儿童,户外玩具
17.39.42.230,2019-07-18,10:21:19,电影电视,喜剧,"爱宠大机密（普通话）路易斯·C·K,凯文·哈特,艾瑞克·斯通斯崔特,"
17.39.42.230,2019-07-21,13:47:14,购物,男装,弹力
17.39.42.230,2019-07-03,18:47:36,购物,零食生鲜,展卉
17.39.42.230,2019-07-31,05:52:25,购物,男装,净色
17.39.42.230,2019-07-11,01:05:36,购物,乐器,小号
17.39.42.230,2019-07-13,20:41:39,电影电视,爱情,"超凡蜘蛛侠2安德鲁·加菲尔德,"
17.39.42.230,2019-07-11,21:38:24,购物,珠宝配饰,天然珍珠
17.39.42.230,2019-07-08,20:08:18,电影电视,恐怖,"黑夜勿怕凯蒂·霍尔姆斯,盖·皮尔斯,拜莉·麦迪逊,"
17.39.42.230,2019-07-20,00:26:42,游戏,经营策略,我的城市
17.39.42.230,2019-07-14,20:08:13,游戏,休闲益智,画个火柴人2
17.39.42.230,2019-07-25,13:58:04,游戏,扑克棋牌,Hello Stars Lite
17.39.42.230,2019-07-08,05:02:23,游戏,休闲益智,千炮捕鱼
17.39.42.230,2019-07-06,20:33:27,游戏,跑酷竞速,卷烟模拟器
17.39.42.230,2019-07-29,06:37:36,购物,珠宝配饰,海水黑珍珠
17.39.42.230,2019-07-28,17:41:31,游戏,动作冒险,雪球大作战
17.39.42.230,2019-07-29,04:15:52,电影电视,家庭,"有泪尽情流徐帆,丁海峰,沙玉华,"
17.39.42.230,2019-07-23,08:02:48,购物,书籍课程,考试必备
17.39.42.230,2019-07-17,03:53:09,游戏,角色扮演,东方异想穴
17.39.42.230,2019-07-29,22:22:51,电影电视,动画,"机器人9号伊利亚·伍德,"
17.39.42.230,2019-07-04,08:07:22,购物,零食生鲜,冲调饮品
17.39.42.230,2019-07-24,10:08:56,购物,母婴儿童,亲子装
17.39.42.230,2019-07-30,16:20:27,游戏,角色扮演,技能大师
17.39.42.230,2019-07-08,02:54:45,游戏,角色扮演,群雄无双
17.39.42.230,2019-07-07,20:37:20,购物,书籍课程,中医养生
17.39.42.230,2019-07-10,06:17:54,游戏,休闲益智,真人疯狂捕鱼
17.39.42.230,2019-07-29,09:40:55,电影电视,动画,"浪漫鼠德佩罗马修·布罗德里克,达斯汀·霍夫曼,艾玛·沃森,"
17.39.42.230,2019-07-22,08:46:21,购物,游戏动漫,游戏玩具
17.39.42.230,2019-07-24,20:06:32,电影电视,古装,"大明嫔妃之长门怨宋洋,何杜娟,关慧卿,"
17.39.42.230,2019-07-24,12:39:31,游戏,休闲益智,愤怒的小鸟校园版
17.39.42.230,2019-07-03,05:57:33,购物,美妆,洁面
17.39.42.230,2019-07-15,17:36:17,电影电视,动作,"空天猎李晨,范冰冰,王千源,"
17.39.42.230,2019-07-12,11:44:33,电影电视,恐怖,"穿梭阴阳界苏明明,汤镇业,"
17.39.42.230,2019-07-24,08:40:44,游戏,经营策略,幼虫英雄2
17.39.42.230,2019-07-07,20:33:06,游戏,经营策略,暴击僵尸
17.39.42.230,2019-07-27,07:07:22,电影电视,家庭,"道北人胡亚捷,李琳,张嘉译,"
17.39.42.230,2019-07-17,08:21:13,游戏,扑克棋牌,2048中文版
17.39.42.230,2019-07-01,03:38:48,购物,珠宝配饰,项链
17.39.42.230,2019-07-03,02:44:21,电影电视,动画,"了不起的菲丽西艾丽·范宁,"
17.39.42.230,2019-07-04,03:29:39,购物,珠宝配饰,18K金
17.39.42.230,2019-07-31,07:38:19,电影电视,家庭,"鸽子哨秦海璐,李滨,谢钢,"
17.39.42.230,2019-07-17,20:46:49,购物,母婴儿童,纸尿裤
17.39.42.230,2019-07-14,22:31:29,购物,游戏动漫,哔哩哔哩/bilibili
17.39.42.230,2019-07-12,09:04:03,游戏,扑克棋牌,白块儿达人
17.39.42.230,2019-07-25,16:48:13,游戏,角色扮演,洛菲斯的呼唤黑暗地牢生存
17.39.42.230,2019-07-23,10:30:26,购物,女装,卡通
17.39.42.230,2019-07-02,04:01:29,电影电视,动画,"空中大灌篮迈克尔·乔丹,特里萨·兰德尔,"
17.39.42.230,2019-07-21,13:09:45,游戏,角色扮演,美杜莎传奇
17.39.42.230,2019-07-25,21:59:35,电影电视,爱情,"超能灭赌师陈禹铭,曲昱曈,刘金,"
17.39.42.230,2019-07-06,00:35:17,游戏,经营策略,我的机器女友
17.39.42.230,2019-07-25,20:01:45,游戏,扑克棋牌,恋爱球球
17.39.42.230,2019-07-09,18:27:22,电影电视,动作,"哥斯拉（1998）马修·布罗德里克,"
17.39.42.230,2019-07-12,17:14:55,购物,运动健身,睡袋
17.39.42.230,2019-07-30,09:19:16,购物,运动健身,潜水装备
17.39.42.230,2019-07-02,16:04:30,游戏,角色扮演,仙劍奇俠傳-全新經典逍遙遊-論劍篇
17.39.42.230,2019-07-24,10:26:43,购物,游戏动漫,东方Project
17.39.42.230,2019-07-12,03:28:52,音乐,民谣,Private LilyMoriarty
17.39.42.230,2019-07-08,09:42:43,游戏,休闲益智,快乐小鸡
17.39.42.230,2019-07-18,07:20:08,购物,珠宝配饰,手链
17.39.42.230,2019-07-17,01:34:41,电影电视,动作,"十月围城梁家辉,"
17.39.42.230,2019-07-24,08:26:41,电影电视,爱情,"前任的诱惑梁鑫,"
17.39.42.230,2019-07-20,12:57:34,游戏,跑酷竞速,Grand Theft Spider Adventure
17.39.42.230,2019-07-18,21:38:40,购物,乐器,口琴
17.39.42.230,2019-07-23,14:52:15,游戏,角色扮演,封神蕩魔誌FREE
17.39.42.230,2019-07-21,06:59:34,游戏,休闲益智,月光逻辑拼图
17.39.42.230,2019-07-20,04:30:20,购物,男装,机能
17.39.42.230,2019-07-19,13:08:38,游戏,扑克棋牌,莉比小公主梦幻假日
17.39.42.230,2019-07-20,15:45:35,电影电视,爱情,"盖世英雄何蓝逗,森竣,"
17.39.42.230,2019-07-20,07:45:52,音乐,流行,岁月神偷金玟岐
17.39.42.230,2019-07-13,18:27:48,电影电视,恐怖,"僵尸训练营南庆姬,王将,"
17.39.42.230,2019-07-27,08:24:55,游戏,休闲益智,单机斗地主OL
17.39.42.230,2019-07-02,04:12:13,游戏,角色扮演,女神联盟2
17.39.42.230,2019-07-22,02:59:51,电影电视,喜剧,"大闹西游孙晔,沈达威,陶典（配音）,"
17.39.42.230,2019-07-02,23:20:32,游戏,跑酷竞速,越野 游客 总线 模拟器 驾驶 2017年
17.39.42.230,2019-07-19,23:48:47,购物,零食生鲜,地标水果
17.39.42.230,2019-07-20,04:01:53,电影电视,喜剧,"王牌逗王牌刘德华,黄晓明,"
17.39.42.230,2019-07-07,00:16:49,游戏,经营策略,投标战争：当帝国
17.39.42.230,2019-07-23,09:11:47,电影电视,战争,"岁岁年年柿柿红王茜华,李翠翠,于震,"
17.39.42.230,2019-07-28,00:25:09,电影电视,家庭,"娘家的故事上部马雅舒,林在培,何赛飞,"
17.39.42.230,2019-07-13,05:27:43,电影电视,爱情,"九二神雕之痴心情长剑关之琳,刘德华,元奎,"
17.39.42.230,2019-07-12,11:37:24,购物,游戏动漫,洛克王国
17.39.42.230,2019-07-21,08:34:19,电影电视,爱情,"极速酷客约翰·阿什克,戴恩·库克,艾斯·库珀,"
17.39.42.230,2019-07-11,01:44:05,游戏,动作冒险,永恒竞技场:Eternal Arena
17.39.42.230,2019-07-22,19:27:12,电影电视,古装,"妈祖刘涛,严屹宽,刘德凯,"
17.39.42.230,2019-07-23,13:56:05,购物,母婴儿童,睡袋
17.39.42.230,2019-07-25,04:58:32,电影电视,战争,"爸爸快长大李晨,童瑶,秦丽,"
17.39.42.230,2019-07-29,02:22:14,购物,男装,polo衫
17.39.42.230,2019-07-23,02:09:10,游戏,动作冒险,迷你大城市2
17.39.42.230,2019-07-31,23:29:02,购物,游戏动漫,模拟经营
17.39.42.230,2019-07-15,09:52:27,电影电视,战争,"孝子严敏求,陈瑾,于和伟,"
17.39.42.230,2019-07-16,00:18:41,购物,乐器,MIDI
17.39.42.230,2019-07-27,20:56:26,电影电视,爱情,"浪漫天降关晓彤,夏雨,刘孜,"
17.39.42.230,2019-07-08,00:12:22,购物,书籍课程,PS技巧
17.39.42.230,2019-07-16,02:52:11,购物,珠宝配饰,和田玉佛
17.39.42.230,2019-07-15,07:28:38,游戏,扑克棋牌,滑板:色彩冲浪
17.39.42.230,2019-07-26,21:26:42,电影电视,古装,"神医大道公郑少秋,郭冬临,廖家仪,"
17.39.42.230,2019-07-05,01:01:15,游戏,动作冒险,Target Mission: Catch Pixelmon
17.39.42.230,2019-07-10,03:03:32,游戏,飞行射击,小小弓手
17.39.42.230,2019-07-06,17:49:16,购物,家电数码,格兰仕
17.39.42.230,2019-07-30,11:10:04,电影电视,战争,"梦幻天堂寇世勋,明道,李曼,"
17.39.42.230,2019-07-04,08:10:19,游戏,飞行射击,无人机:暗影突袭
17.39.42.230,2019-07-29,02:33:57,购物,家电数码,索尼PS4
17.39.42.230,2019-07-21,19:25:13,购物,书籍课程,潜能开发
17.39.42.230,2019-07-11,23:07:28,购物,美妆,磨砂/去角质
17.39.42.230,2019-07-20,08:39:40,游戏,扑克棋牌,8 Ball Mastemind
17.39.42.230,2019-07-14,06:16:19,购物,运动健身,睡袋
17.39.42.230,2019-07-05,05:11:39,购物,母婴儿童,束腹带
17.39.42.230,2019-07-11,01:28:54,购物,母婴儿童,学步鞋
17.39.42.230,2019-07-20,17:26:29,游戏,扑克棋牌,反应堆
17.39.42.230,2019-07-31,17:05:09,电影电视,科幻,蝙蝠侠与罗宾
17.39.42.230,2019-07-20,19:14:09,购物,男装,国潮
17.39.42.230,2019-07-29,06:41:21,电影电视,动画,"101斑点狗罗德·泰勒,Betty Lou Gerson,Cate Bauer,"
17.39.42.230,2019-07-12,04:44:21,电影电视,科幻,"机甲美人张蓝心,李元杰,陈子艺,"
17.39.42.230,2019-07-17,07:47:10,购物,游戏动漫,美少女战士
17.39.42.230,2019-07-22,00:26:37,购物,美妆,护肤嫩白集锦
17.39.42.230,2019-07-23,08:04:48,电影电视,动作,"巨齿鲨杰森·斯坦森,李冰冰,Ruby Rose,"
17.39.42.230,2019-07-21,06:23:13,游戏,休闲益智,开局一只鲲
17.39.42.230,2019-07-16,15:18:32,电影电视,家庭,"后海不是海张嘉译,倪大红,王海燕,"
17.39.42.230,2019-07-11,13:49:59,电影电视,喜剧,"滚动的钢蛋李易祥,李春啸,"
17.39.42.230,2019-07-06,11:38:35,游戏,扑克棋牌,我爱记歌词2
17.39.42.230,2019-07-08,12:21:31,游戏,动作冒险,机甲斗神传
17.39.42.230,2019-07-09,05:16:39,购物,零食生鲜,棉花糖
17.39.42.230,2019-07-01,09:09:19,游戏,经营策略,士兵与阵地
17.39.42.230,2019-07-28,05:06:22,购物,书籍课程,新概念英语
17.39.42.230,2019-07-24,15:54:57,购物,女装,街拍范
17.39.42.230,2019-07-22,20:27:24,购物,女装,性感
17.39.42.230,2019-07-07,23:42:39,购物,美妆,画眉神器
17.39.42.230,2019-07-20,15:10:05,游戏,角色扮演,江湖中的我
17.39.42.230,2019-07-07,22:01:25,购物,母婴儿童,棉拖鞋
17.39.42.230,2019-07-21,07:41:28,游戏,经营策略,模拟建造2
17.39.42.230,2019-07-03,16:10:53,购物,游戏动漫,夏目友人帐
17.39.42.230,2019-07-03,18:32:33,购物,女装,高端
17.39.42.230,2019-07-07,10:07:11,游戏,休闲益智,疯狂蛋糕
17.39.42.230,2019-07-28,17:20:47,游戏,休闲益智,Jelly Splash Jelly
17.39.42.230,2019-07-12,07:44:59,电影电视,动作,"学校风云袁洁莹,张耀扬,刘松仁,"
17.39.42.230,2019-07-19,08:23:23,电影电视,动画,"养家之人Saara Chaudry,Ali Badshah,Kawa Ada,"
17.39.42.230,2019-07-21,16:16:09,购物,母婴儿童,连衣裙
17.39.42.230,2019-07-20,09:46:41,音乐,摇滚,无悔这一生吴国良
17.39.42.230,2019-07-31,08:26:33,游戏,动作冒险,热血格斗传说
17.39.42.230,2019-07-08,04:55:23,购物,男装,丹宁外套
17.39.42.230,2019-07-20,19:55:11,电影电视,动画,"丛林大反攻3Nika Futterman,"
17.39.42.230,2019-07-30,10:26:44,音乐,儿童,小老鼠小紫荆儿童合唱团
17.39.42.230,2019-07-26,13:05:10,游戏,角色扮演,熱血江湖 - 正邪大戰 MMORPG
17.39.42.230,2019-07-03,05:33:24,游戏,休闲益智,小心门后
17.39.42.230,2019-07-26,06:43:06,购物,女装,女神
17.39.42.230,2019-07-29,03:50:29,购物,零食生鲜,乳品
17.39.42.230,2019-07-17,23:58:32,购物,游戏动漫,毛绒系列
17.39.42.230,2019-07-27,21:28:44,购物,书籍课程,魅力健身
17.39.42.230,2019-07-11,17:09:04,游戏,动作冒险,Dream Soccer
17.39.42.230,2019-07-28,04:55:22,游戏,跑酷竞速,地狱摩托2
17.39.42.230,2019-07-04,13:13:53,购物,母婴儿童,连体衣
17.39.42.230,2019-07-22,22:02:49,电影电视,动画,"我的老婆是只猫潘粤明,"
17.39.42.230,2019-07-10,21:10:29,购物,女装,街头
17.39.42.230,2019-07-05,13:57:05,游戏,扑克棋牌,桥式起重机模拟器2
17.39.42.230,2019-07-10,18:27:22,购物,书籍课程,韩语
17.39.42.230,2019-07-08,16:58:37,游戏,休闲益智,千炮捕鱼联网版-疯狂爆金币
17.39.42.230,2019-07-14,17:41:03,游戏,动作冒险,Real Mechanic Scrap Game
17.39.42.230,2019-07-24,22:53:50,游戏,角色扮演,修仙传
17.39.42.230,2019-07-23,18:56:04,购物,零食生鲜,火锅肠
17.39.42.230,2019-07-20,00:14:50,购物,运动健身,三叶草
17.39.42.230,2019-07-19,22:59:20,电影电视,恐怖,"寄生兽染谷将太,"
17.39.42.230,2019-07-23,02:17:28,游戏,动作冒险,永恒竞技场:Eternal Arena
17.39.42.230,2019-07-25,10:49:48,购物,美妆,防晒
17.39.42.230,2019-07-13,01:29:52,游戏,经营策略,Pink Princes Piano
17.39.42.230,2019-07-10,13:28:05,电影电视,古装,"天下粮田吴京安,徐僧,孙宁,"
17.39.42.230,2019-07-19,09:31:08,游戏,休闲益智,街机捕鱼2016
17.39.42.230,2019-07-15,12:26:54,电影电视,喜剧,"大鱼伊万·麦克格雷格,阿尔伯特·芬尼,杰西卡·兰格,"
17.39.42.230,2019-07-06,12:25:48,游戏,休闲益智,黄金矿工(经典加强版)
17.39.42.230,2019-07-11,09:48:49,电影电视,动画,艾尔文与花栗鼠3
17.39.42.230,2019-07-24,07:02:53,游戏,经营策略,军棋世界
17.39.42.230,2019-07-06,04:20:22,电影电视,爱情,"魔发奇缘（普通话）曼迪·摩尔,扎卡里·列维,唐娜·墨菲,"
17.39.42.230,2019-07-21,09:27:35,购物,书籍课程,义务教育
17.39.42.230,2019-07-01,14:12:52,游戏,跑酷竞速,重力转变2
17.39.42.230,2019-07-06,14:17:25,游戏,扑克棋牌,迷宫之王:MazeKing
17.39.42.230,2019-07-14,09:11:15,游戏,动作冒险,魔塔 1.12 (Magic Tower)
17.39.42.230,2019-07-23,09:53:54,游戏,动作冒险,合金射击
17.39.42.230,2019-07-15,07:13:48,音乐,中国特色,惊梦·画眉序 滴溜子 山桃红沈丰英
17.39.42.230,2019-07-05,01:29:52,购物,书籍课程,潜能开发
17.39.42.230,2019-07-02,12:31:46,购物,男装,九分
17.39.42.230,2019-07-07,05:46:33,电影电视,动作,"冬荫功2：拳霸天下托尼·贾,"
17.39.42.230,2019-07-26,00:23:43,购物,美妆,晒后美白
17.39.42.230,2019-07-19,00:55:09,游戏,跑酷竞速,越野摩托2:多人
17.39.42.230,2019-07-25,11:19:24,游戏,动作冒险,铠甲勇士4
17.39.42.230,2019-07-23,23:39:25,购物,家电数码,VR眼镜
17.39.42.230,2019-07-20,02:24:56,电影电视,科幻,"蛇妖世界徐锦江,张慧仪,"
17.39.42.230,2019-07-24,08:07:35,游戏,跑酷竞速,迷你赛车冒险
17.39.42.230,2019-07-19,09:13:13,购物,游戏动漫,毛绒系列
17.39.42.230,2019-07-17,20:45:20,游戏,扑克棋牌,GOTCHA Board Game
17.39.42.230,2019-07-07,00:58:45,游戏,扑克棋牌,推来推去
17.39.42.230,2019-07-22,07:31:01,电影电视,古装,"逆转奇兵 第一季杰米·贝尔,Burn Gorman,约翰·约瑟夫·菲尔德,"
17.39.42.230,2019-07-30,16:14:28,购物,珠宝配饰,戒面
17.39.42.230,2019-07-01,05:36:01,电影电视,动作,"终结者：创世纪杰森·克拉科,阿诺德·施瓦辛格,"
17.39.42.230,2019-07-06,03:19:34,电影电视,动画,"公牛历险记约翰·塞纳,吉娜·罗德里格兹,"
17.39.42.230,2019-07-15,19:07:01,游戏,动作冒险,永恒竞技场:Eternal Arena
17.39.42.230,2019-07-09,17:49:56,游戏,跑酷竞速,Luxury Offroad Car Driving
17.39.42.230,2019-07-14,14:20:07,音乐,古典,暗涌 (麦花臣版)陈辉阳
17.39.42.230,2019-07-03,18:44:51,购物,女装,结构
17.39.42.230,2019-07-10,19:22:25,游戏,飞行射击,星宇联盟-绝美手游
17.39.42.230,2019-07-23,16:20:55,电影电视,喜剧,"宝塔镇河妖之绝世妖龙彭禺厶,何其炜,戴安娜,"
17.39.42.230,2019-07-01,02:48:58,游戏,动作冒险,无尽大冒险
17.39.42.230,2019-07-02,07:15:47,游戏,扑克棋牌,城市建筑卡车
17.39.42.230,2019-07-07,07:49:29,游戏,动作冒险,林中之虎
17.39.42.230,2019-07-10,15:23:07,游戏,休闲益智,钓鱼看漂
17.39.42.230,2019-07-30,22:41:56,游戏,跑酷竞速,One Jump
17.39.42.230,2019-07-11,13:07:58,购物,珠宝配饰,彩色宝石
17.39.42.230,2019-07-19,00:19:23,电影电视,喜剧,"单身男女古天乐,高圆圆,吴彦祖,"
17.39.42.230,2019-07-31,09:55:30,购物,女装,小香风
17.39.42.230,2019-07-08,05:08:09,购物,乐器,二手钢琴
17.39.42.230,2019-07-14,10:32:33,购物,珠宝配饰,吊坠
17.39.42.230,2019-07-21,03:35:41,电影电视,动画,"爵迹范冰冰,吴亦凡,"
17.39.42.230,2019-07-16,04:37:02,购物,珠宝配饰,婚戒
17.39.42.230,2019-07-10,18:12:29,购物,乐器,电吉他
17.39.42.230,2019-07-07,15:46:49,购物,零食生鲜,哈根达斯
17.39.42.230,2019-07-07,04:03:41,游戏,飞行射击,Critical Strike 杀手射击
17.39.42.230,2019-07-17,02:04:04,电影电视,喜剧,海底总动员 （普通话）
17.39.42.230,2019-07-15,14:06:38,音乐,儿童,HopeYiruma
17.39.42.230,2019-07-27,05:22:30,购物,零食生鲜,人参果
17.39.42.230,2019-07-01,03:01:59,电影电视,动画,"阿唐奇遇季冠霖,洪晃,石磊,"
17.39.42.230,2019-07-04,13:32:01,购物,美妆,丰胸
17.39.42.230,2019-07-22,15:59:12,音乐,儿童,
17.39.42.230,2019-07-17,17:50:36,音乐,儿童,找朋友叶明珠
17.39.42.230,2019-07-15,07:07:10,游戏,休闲益智,墓园派对
17.39.42.230,2019-07-18,05:43:14,电影电视,家庭,老威的X计划6
17.39.42.230,2019-07-09,16:06:33,游戏,休闲益智,真实卡车模拟器3D
17.39.42.230,2019-07-22,01:56:08,购物,珠宝配饰,蜜蜡吊坠
17.39.42.230,2019-07-07,09:44:34,游戏,跑酷竞速,特技汽车司机
17.39.42.230,2019-07-30,07:08:19,电影电视,恐怖,"黑夜传说4：觉醒凯特·贝金赛尔,英迪娅·埃斯利,迈克尔·伊雷,"
17.39.42.230,2019-07-31,01:57:20,音乐,摇滚,Sugar ManRodriguez
17.39.42.230,2019-07-30,07:58:38,购物,家电数码,康佳
17.39.42.230,2019-07-22,07:24:54,电影电视,古装,"苏三传奇隋俊波,吴若甫,苗乙乙,"
17.39.42.230,2019-07-01,01:37:58,购物,家电数码,HDR全面屏
17.39.42.230,2019-07-17,23:14:55,购物,珠宝配饰,血珀
17.39.42.230,2019-07-09,08:36:37,游戏,休闲益智,贪吃蛇大作战
17.39.42.230,2019-07-03,09:42:44,电影电视,家庭,"大嫂温玉娟,黄河,佘南南,"
17.39.42.230,2019-07-27,22:10:18,音乐,动漫ACG,你的酒馆打了样陶笛云光
17.39.42.230,2019-07-16,01:48:22,游戏,休闲益智,Baldy’s Basix Adventure
17.39.42.230,2019-07-17,23:02:45,游戏,动作冒险,末日方舟
17.39.42.230,2019-07-08,22:09:56,游戏,动作冒险,动物海盗
17.39.42.230,2019-07-02,12:38:42,音乐,民谣,CaliforniaJosh Ritter
17.39.42.230,2019-07-01,03:04:14,音乐,嘻哈,只做你男友（Prod.by GRAY）范斯哲
17.39.42.230,2019-07-16,07:30:46,游戏,扑克棋牌,超级疯狂捕鱼
17.39.42.230,2019-07-25,12:24:21,购物,家电数码,荣耀9
17.39.42.230,2019-07-30,15:29:13,游戏,角色扮演,永生劫
17.39.42.230,2019-07-30,12:01:52,游戏,跑酷竞速,巴士驾驶员免费 - Bus Simulator Free
17.39.42.230,2019-07-12,14:41:33,游戏,动作冒险,远古巨兽
17.39.42.230,2019-07-18,22:58:20,购物,乐器,堂鼓
17.39.42.230,2019-07-06,18:06:30,游戏,飞行射击,海军炮兵战舰2107
17.39.42.230,2019-07-27,22:38:39,购物,零食生鲜,苹果
17.39.42.230,2019-07-30,02:58:20,游戏,跑酷竞速,6X6越野皮卡模拟
17.39.42.230,2019-07-16,21:17:41,购物,美妆,蜜粉
17.39.42.230,2019-07-01,10:21:19,音乐,流行,青柠晚安君
17.39.42.230,2019-07-16,02:29:35,游戏,跑酷竞速,越野美国陆军运输辛
17.39.42.230,2019-07-01,14:12:42,电影电视,爱情,"杀手蝴蝶梦梁朝伟,王祖贤,钟镇涛,"
17.39.42.230,2019-07-27,05:31:21,游戏,经营策略,找到老公的私房钱
17.39.42.230,2019-07-18,15:47:39,游戏,扑克棋牌,缤纷糖果乐园
17.39.42.230,2019-07-16,22:38:19,游戏,飞行射击,尸速摩托
17.39.42.230,2019-07-01,15:39:53,购物,零食生鲜,牛奶
17.39.42.230,2019-07-01,21:42:42,电影电视,动作,"黑衣人2汤米·李·琼斯,威尔·史密斯,雷普·汤恩,"
17.39.42.230,2019-07-30,01:09:56,音乐,摇滚,Hammer To FallQueen
17.39.42.230,2019-07-28,09:24:07,游戏,扑克棋牌,蜘蛛人的冒险
17.39.42.230,2019-07-21,17:57:27,游戏,动作冒险,炸弹人
17.39.42.230,2019-07-10,22:18:01,游戏,动作冒险,养鲲进化新物种
17.39.42.230,2019-07-15,19:05:26,游戏,经营策略,我的咖啡店
17.39.42.230,2019-07-01,02:09:39,购物,运动健身,压缩裤
17.39.42.230,2019-07-22,17:34:27,电影电视,爱情,"与龙共舞刘德华,翁虹,吴孟达,"
17.39.42.230,2019-07-05,13:33:35,电影电视,恐怖,"万圣节8杰米·李·柯蒂斯,Busta Rhymes,"
17.39.42.230,2019-07-13,07:50:10,音乐,民谣,Phantasmagoria in TwoTim Buckley
17.39.42.230,2019-07-29,06:58:28,电影电视,动画,蜜蜂总动员（普通话）
17.39.42.230,2019-07-22,08:25:54,购物,零食生鲜,含乳饮料
17.39.42.230,2019-07-31,02:20:49,游戏,扑克棋牌,Fantastic City Bus Parker 3
17.39.42.230,2019-07-16,12:13:49,购物,乐器,萨克斯
17.39.42.230,2019-07-27,11:05:25,电影电视,战争,"女人的战争潘虹,胡静,王新军,"
17.39.42.230,2019-07-22,10:12:25,游戏,经营策略,殖民征服
17.39.42.230,2019-07-02,14:51:44,音乐,古典,Teach Me to WhisperLiquid Mind
17.39.42.230,2019-07-08,20:34:23,游戏,扑克棋牌,莉比小公主梦幻假日
17.39.42.230,2019-07-10,23:50:05,游戏,跑酷竞速,Infinite Flight (BETA)
17.39.42.230,2019-07-18,17:49:30,音乐,动漫ACG,短信版iw ix
17.39.42.230,2019-07-28,12:16:11,游戏,角色扮演,怜花宝鉴
17.39.42.230,2019-07-11,02:10:54,购物,书籍课程,技能
17.39.42.230,2019-07-18,04:24:21,电影电视,家庭,"走出监狱的女人周莉,吴若甫,"
17.39.42.230,2019-07-13,08:57:03,游戏,动作冒险,拳皇2000
17.39.42.230,2019-07-09,13:28:56,游戏,休闲益智,手机弹钢琴
17.39.42.230,2019-07-22,06:37:07,游戏,角色扮演,英雄传说-五千年传奇
17.39.42.230,2019-07-04,11:43:11,电影电视,家庭,"母爱无悔陈依莎,梁馨,申泽华,"
17.39.42.230,2019-07-03,13:25:09,游戏,角色扮演,天天打怪兽﹣全球最好玩的聊天游戏
17.39.42.230,2019-07-21,07:11:01,电影电视,动作,"三少爷的剑林更新,何润东,江一燕,"
17.39.42.230,2019-07-23,04:37:32,游戏,飞行射击,Memes Wars
17.39.42.230,2019-07-22,06:35:25,电影电视,动画,"圣蛋传奇之猪公的骰子黄玉坤,"
17.39.42.230,2019-07-07,20:08:12,音乐,民谣,Let it CurlRie fu
17.39.42.230,2019-07-17,20:08:47,游戏,跑酷竞速,New Bus Rush: Subway Surf 2018
17.39.42.230,2019-07-16,07:24:06,购物,零食生鲜,咖喱
17.39.42.230,2019-07-21,04:20:39,游戏,跑酷竞速,Take Off Flight Simulator
17.39.42.230,2019-07-28,05:30:01,购物,家电数码,商务手机
17.39.42.230,2019-07-13,11:31:39,电影电视,动画,"神偷奶爸3史蒂夫·卡瑞尔,克里斯汀·韦格,崔·帕克,"
17.39.42.230,2019-07-25,04:46:56,游戏,飞行射击,手枪实景射击
17.39.42.230,2019-07-04,17:52:47,音乐,流行,FLY 飞ANU
17.39.42.230,2019-07-25,01:43:53,购物,美妆,雅诗兰黛
17.39.42.230,2019-07-10,22:06:21,游戏,动作冒险,像素荒野战场
17.39.42.230,2019-07-16,12:39:49,购物,美妆,娇韵诗
17.39.42.230,2019-07-30,14:59:22,电影电视,战争,"白屋之恋何润东,袁泉,牛萌萌,"
17.39.42.230,2019-07-10,12:46:14,游戏,角色扮演,龍虎門 - 火雲轉
17.39.42.230,2019-07-15,03:29:51,游戏,跑酷竞速,紧急任务HQ
17.39.42.230,2019-07-17,00:45:47,电影电视,古装,"轩辕剑之汉之云张云龙,于朦胧,关晓彤,"
17.39.42.230,2019-07-15,11:31:04,游戏,扑克棋牌,滑板:色彩冲浪
17.39.42.230,2019-07-18,20:51:43,游戏,扑克棋牌,起重机挖掘机生成器
17.39.42.230,2019-07-20,15:14:16,游戏,扑克棋牌,彩金捕鱼
17.39.42.230,2019-07-05,02:39:43,音乐,嘻哈,假动作陈柔希
17.39.42.230,2019-07-30,12:15:11,游戏,跑酷竞速,模拟经营铁匠
17.39.42.230,2019-07-06,14:09:17,购物,母婴儿童,帆布鞋
17.39.42.230,2019-07-04,12:47:35,购物,美妆,画眉神器
17.39.42.230,2019-07-27,02:02:40,电影电视,战争,"潮起两江吴若甫,"
17.39.42.230,2019-07-27,13:14:32,游戏,动作冒险,尊上你的宫铃掉了
17.39.42.230,2019-07-30,08:33:36,游戏,休闲益智,梦幻炫舞
17.39.42.230,2019-07-15,20:11:03,电影电视,爱情,"魔发奇缘曼迪·摩尔,扎卡里·列维,唐娜·墨菲,"
17.39.42.230,2019-07-24,06:12:55,购物,运动健身,分体泳衣
17.39.42.230,2019-07-30,14:25:24,音乐,摇滚,We Will Rock YouQueen
17.39.42.230,2019-07-17,11:30:58,游戏,跑酷竞速,超级火车变换机器人战争3D
17.39.42.230,2019-07-13,17:58:15,购物,珠宝配饰,蓝宝石
17.39.42.230,2019-07-01,01:59:05,游戏,休闲益智,连连看
17.39.42.230,2019-07-09,06:17:56,购物,运动健身,三叶草
17.39.42.230,2019-07-08,11:32:22,游戏,角色扮演,神魔噬天
17.39.42.230,2019-07-24,12:23:04,购物,家电数码,海尔
17.39.42.230,2019-07-26,01:09:26,音乐,流行,半壶纱刘珂矣
17.39.42.230,2019-07-29,05:34:36,游戏,扑克棋牌,街机捕鱼之疯狂千炮
17.39.42.230,2019-07-26,11:56:43,电影电视,爱情,"大内密探零零发周星驰,刘嘉玲,李若彤,"
17.39.42.230,2019-07-17,23:09:44,游戏,角色扮演,第九大陆
17.39.42.230,2019-07-11,07:08:56,购物,家电数码,OnePlus/一加酷派
17.39.42.230,2019-07-08,11:12:32,电影电视,爱情,"天才室友李瑞雪（导演）,张宸溢,"
17.39.42.230,2019-07-12,21:19:21,电影电视,古装,"天局王永林,章海东,"
17.39.42.230,2019-07-15,00:30:18,游戏,休闲益智,钢琴2s
17.39.42.230,2019-07-07,07:50:47,游戏,飞行射击,战舰世界闪击战
17.39.42.230,2019-07-06,02:09:01,购物,珠宝配饰,碧玺
17.39.42.230,2019-07-28,07:29:15,音乐,动漫ACG,ペガサス幻想-PEGASUS FANTASY-MAKE-UP
17.39.42.230,2019-07-10,11:29:10,电影电视,科幻,"超凡蜘蛛侠安德鲁·加菲尔德,"
17.39.42.230,2019-07-04,22:43:07,音乐,动漫ACG,いつも何度でも木村弓
17.39.42.230,2019-07-08,07:43:12,游戏,经营策略,中世纪战斗
17.39.42.230,2019-07-05,21:14:18,购物,母婴儿童,裙子
17.39.42.230,2019-07-17,03:55:53,购物,书籍课程,考试英语
17.39.42.230,2019-07-02,12:46:17,游戏,角色扮演,史上最牛找茬
17.39.42.230,2019-07-31,20:03:15,游戏,角色扮演,塔防江湖2
17.39.42.230,2019-07-03,11:37:57,电影电视,喜剧,"玩具总动员2汤姆·汉克斯,"
17.39.42.230,2019-07-11,17:15:17,游戏,休闲益智,别踩白块儿3完美版
17.39.42.230,2019-07-31,04:41:56,游戏,动作冒险,火柴人冒险
17.39.42.230,2019-07-24,09:31:39,游戏,休闲益智,蜘蛛人的冒险
17.39.42.230,2019-07-21,18:14:45,购物,乐器,非洲鼓
17.39.42.230,2019-07-10,07:26:11,电影电视,爱情,"幸福终点站汤姆·汉克斯,"
17.39.42.230,2019-07-28,19:08:12,电影电视,恐怖,孤岛惊魂
17.39.42.230,2019-07-13,23:51:25,游戏,动作冒险,迷你工艺2
17.39.42.230,2019-07-25,21:55:41,游戏,休闲益智,心舞
17.39.42.230,2019-07-14,05:35:31,购物,家电数码,洗衣机
17.39.42.230,2019-07-13,13:52:12,电影电视,喜剧,"赌圣3：无名小子张家辉,舒淇,王晶,"
17.39.42.230,2019-07-22,19:55:10,游戏,经营策略,要塞围城（官方中文版）
17.39.42.230,2019-07-10,12:01:48,音乐,儿童,My Dear Life広橋真紀子
17.39.42.230,2019-07-16,04:33:08,电影电视,战争,"全家福吴刚,秦海璐,岳秀清,"
17.39.42.230,2019-07-31,14:55:38,游戏,跑酷竞速,Tourist Airplane City Flight Simulator
17.39.42.230,2019-07-21,17:31:23,游戏,飞行射击,坦克大战模拟器
17.39.42.230,2019-07-17,22:07:32,游戏,角色扮演,我是大主宰
17.39.42.230,2019-07-16,10:05:46,购物,美妆,喷雾
17.39.42.230,2019-07-18,20:40:30,购物,母婴儿童,爬行垫
17.39.42.230,2019-07-09,21:14:30,游戏,飞行射击,坦克大战 - 1990经典街机
17.39.42.230,2019-07-27,23:09:55,电影电视,爱情,金装大酒店（粤语）
17.39.42.230,2019-07-20,14:22:34,游戏,动作冒险,求生世界
17.39.42.230,2019-07-09,22:13:10,购物,男装,运动裤
17.39.42.230,2019-07-04,06:45:41,购物,书籍课程,销售技巧
17.39.42.230,2019-07-10,20:55:49,电影电视,动作,"学校风云袁洁莹,张耀扬,刘松仁,"
17.39.42.230,2019-07-14,02:11:53,购物,游戏动漫,海贼王/onepiece
17.39.42.230,2019-07-01,03:33:31,购物,家电数码,荣耀9
17.39.42.230,2019-07-17,02:01:17,电影电视,爱情,"欢喜邻居霸道爱彭禺厶,"
17.39.42.230,2019-07-02,04:13:22,购物,家电数码,志高
17.39.42.230,2019-07-17,15:22:11,游戏,飞行射击,钢铁世界:坦克部队
17.39.42.230,2019-07-11,11:07:42,游戏,扑克棋牌,战争与文明
17.39.42.230,2019-07-03,13:37:33,音乐,嘻哈,nelipotInvention_
17.39.42.230,2019-07-27,06:28:04,游戏,动作冒险,我的生存
17.39.42.230,2019-07-07,01:57:06,购物,珠宝配饰,海水黑珍珠
17.39.42.230,2019-07-27,03:10:50,游戏,动作冒险,快打旋风游戏
17.39.42.230,2019-07-25,09:32:06,电影电视,古装,"假凤虚凰赵予熙,刘济恺,"
17.39.42.230,2019-07-21,02:37:50,电影电视,家庭,"情非情江一燕,任重,王新,"
17.39.42.230,2019-07-18,16:36:49,购物,乐器,二胡
17.39.42.230,2019-07-19,17:01:44,购物,男装,小清新
17.39.42.230,2019-07-18,08:53:41,购物,美妆,画眉神器
17.39.42.230,2019-07-29,19:42:31,购物,男装,BF风
17.39.42.230,2019-07-23,00:19:22,购物,女装,印花
17.39.42.230,2019-07-18,19:56:46,电影电视,家庭,"我是太阳刘佩琦,王雅捷,杜源,"
17.39.42.230,2019-07-22,02:41:40,购物,母婴儿童,餐具
17.39.42.230,2019-07-28,01:20:16,游戏,动作冒险,死亡战虫
17.39.42.230,2019-07-07,18:31:11,电影电视,动画,"恐龙当家杰弗里·怀特,弗朗西丝·麦克道曼,安娜·帕奎因,"
17.39.42.230,2019-07-10,05:09:35,游戏,扑克棋牌,看图猜成语
17.39.42.230,2019-07-10,02:27:15,电影电视,动作,"天下第一镖局樊少皇,车永莉,释彦能,"
17.39.42.230,2019-07-12,16:30:40,游戏,动作冒险,像素世界
17.39.42.230,2019-07-16,02:35:22,电影电视,爱情,"天生喜剧王程琢,李祎玮,"
17.39.42.230,2019-07-16,10:15:23,购物,运动健身,耐克
17.39.42.230,2019-07-11,08:16:13,购物,母婴儿童,餐具
17.39.42.230,2019-07-29,07:31:15,音乐,摇滚,The Dark Side of the MoonPink Floyd
17.39.42.230,2019-07-07,00:01:03,游戏,扑克棋牌,电击屏幕 - 吓唬妹子专用
17.39.42.230,2019-07-07,15:17:28,购物,女装,条纹
17.39.42.230,2019-07-04,08:48:12,游戏,扑克棋牌,消灭星星
17.39.42.230,2019-07-31,12:34:11,音乐,流行,Set Fire to the RainAdele
17.39.42.230,2019-07-09,00:09:42,购物,游戏动漫,SLG战略游戏
17.39.42.230,2019-07-17,15:25:52,购物,女装,文艺
17.39.42.230,2019-07-23,20:50:47,购物,男装,短裤
17.39.42.230,2019-07-18,21:02:36,购物,书籍课程,留学英语
17.39.42.230,2019-07-28,09:54:50,电影电视,动画,我是大熊猫
17.39.42.230,2019-07-02,12:43:26,购物,乐器,口琴
17.39.42.230,2019-07-20,18:18:26,购物,美妆,眼线
17.39.42.230,2019-07-17,17:59:39,电影电视,喜剧,"小飞侠（1995）谢苗,卢惠光,吴孟达,"
17.39.42.230,2019-07-19,11:35:46,游戏,角色扮演,勇者要生活
17.39.42.230,2019-07-08,14:21:46,游戏,经营策略,偷吻小护士
17.39.42.230,2019-07-12,18:44:29,购物,乐器,吉他
17.39.42.230,2019-07-05,18:59:06,电影电视,科幻,"超凡蜘蛛侠安德鲁·加菲尔德,"
17.39.42.230,2019-07-09,21:37:15,购物,美妆,洁面
17.39.42.230,2019-07-30,13:47:11,电影电视,喜剧,"少侠好功夫熊欣欣,贾康熙,姜彭,"
17.39.42.230,2019-07-16,09:10:58,购物,珠宝配饰,蜜蜡手链
17.39.42.230,2019-07-02,21:33:06,购物,男装,换季清仓
17.39.42.230,2019-07-29,04:28:14,音乐,嘻哈,Top of the WorldAce Hood
17.39.42.230,2019-07-11,19:40:06,游戏,休闲益智,暴打盗贼
17.39.42.230,2019-07-23,06:38:38,购物,美妆,剃须膏
17.39.42.230,2019-07-25,11:56:04,电影电视,家庭,"我要一个家饶敏莉,贾乃亮,姚星彤,"
17.39.42.230,2019-07-31,18:32:22,购物,美妆,兰蔻
17.39.42.230,2019-07-03,16:42:09,购物,乐器,堂鼓
17.39.42.230,2019-07-07,10:29:11,游戏,经营策略,流氓特工
17.39.42.230,2019-07-11,15:04:33,购物,珠宝配饰,血珀
17.39.42.230,2019-07-03,23:22:06,购物,运动健身,登山包
17.39.42.230,2019-07-05,10:56:57,游戏,休闲益智,快乐小鸡
17.39.42.230,2019-07-09,21:40:12,电影电视,恐怖,"人吓人 粤语洪金宝,钟楚红,午马,"
17.39.42.230,2019-07-09,05:54:37,音乐,流行,绿色陈雪凝
17.39.42.230,2019-07-28,03:42:15,电影电视,喜剧,"无畏警官2萨尔曼·汗,Sonakshi Sinha,普拉卡什·拉贾,"
17.39.42.230,2019-07-03,21:47:33,电影电视,爱情,"武当山之天履奇缘完颜羽珊,"
17.39.42.230,2019-07-30,18:40:33,购物,书籍课程,Office技能
17.39.42.230,2019-07-08,01:49:01,游戏,扑克棋牌,你能逃离监狱么
17.39.42.230,2019-07-28,20:50:18,游戏,跑酷竞速,Flip Trickster
17.39.42.230,2019-07-24,12:44:45,购物,书籍课程,我爱运动
17.39.42.230,2019-07-12,00:36:24,购物,男装,运动裤
17.39.42.230,2019-07-06,07:03:20,电影电视,科幻,"女儿香江泽,董钰雯,薛诺琪,"
17.39.42.230,2019-07-11,12:18:19,电影电视,爱情,"一个陌生女人的来信姜文,徐静蕾,"
17.39.42.230,2019-07-04,22:20:39,购物,运动健身,一脚蹬
17.39.42.230,2019-07-26,05:38:35,购物,母婴儿童,裙子
17.39.42.230,2019-07-24,13:29:59,电影电视,科幻,"十字追杀令Brian Austin Green,迈克·克拉克·邓肯,"
17.39.42.230,2019-07-06,10:05:12,购物,珠宝配饰,钻石戒指
17.39.42.230,2019-07-25,19:58:18,电影电视,家庭,"非亲父子杜志国,杜淳,张定涵,"
17.39.42.230,2019-07-13,09:07:30,游戏,扑克棋牌,Gravity Falls Tiles Magics
17.39.42.230,2019-07-04,08:31:38,购物,游戏动漫,夏目友人帐
17.39.42.230,2019-07-25,11:53:21,游戏,休闲益智,人类一败涂地
17.39.42.230,2019-07-12,06:54:45,电影电视,喜剧,"龙虾刑警王千源,袁姗姗,"
17.39.42.230,2019-07-23,02:05:53,购物,珠宝配饰,铂金吊坠
17.39.42.230,2019-07-18,20:10:43,游戏,经营策略,Falling Ballz
17.39.42.230,2019-07-19,12:53:30,购物,珠宝配饰,吊坠
17.39.42.230,2019-07-15,06:03:47,购物,珠宝配饰,琥珀手链
17.39.42.230,2019-07-06,06:04:18,购物,游戏动漫,
17.39.42.230,2019-07-01,15:48:05,购物,零食生鲜,奶酪
17.39.42.230,2019-07-27,13:11:23,电影电视,动画,"邻家僵尸柳勋,洪英根,"
17.39.42.230,2019-07-14,09:48:13,购物,乐器,口琴
17.39.42.230,2019-07-22,02:04:57,游戏,角色扮演,沧海昆仑手游
17.39.42.230,2019-07-19,18:08:35,游戏,角色扮演,神雕侠侣闯关
17.39.42.230,2019-07-26,22:23:21,电影电视,动作,"见龙卸甲刘德华,李美琪,洪金宝,"
17.39.42.230,2019-07-07,11:39:13,游戏,扑克棋牌,蜘蛛人的冒险
17.39.42.230,2019-07-30,18:21:20,游戏,动作冒险,超级水管工2
17.39.42.230,2019-07-21,08:05:32,游戏,动作冒险,Circle Duo Pro
17.39.42.230,2019-07-30,14:15:31,电影电视,古装,"神风刀秦俊杰,关晓彤,宋轶,"
17.39.42.230,2019-07-09,03:33:53,游戏,跑酷竞速,极限摩托
17.39.42.230,2019-07-13,23:21:31,电影电视,恐怖,"基督再临保罗·贝坦尼,凯特·沃什,丹尼斯·奎德,"
17.39.42.230,2019-07-07,06:54:53,游戏,动作冒险,Gun Shooting Club - Gun Sim Free
17.39.42.230,2019-07-29,13:15:46,电影电视,科幻,"尖头外星族Robert Knott,"
17.39.42.230,2019-07-19,03:46:56,购物,书籍课程,幼儿家庭护理
17.39.42.230,2019-07-27,20:37:03,游戏,休闲益智,酒店逃生
17.39.42.230,2019-07-16,20:49:21,电影电视,家庭,"老农民陈宝国,冯远征,牛莉,"
17.39.42.230,2019-07-07,21:49:44,电影电视,动作,"大内密探零零发周星驰,刘嘉玲,李若彤,"
17.39.42.230,2019-07-05,06:34:09,电影电视,动画,"驯龙高手杰伊·巴鲁切尔,杰拉德·巴特勒,亚美莉卡·费雷拉,"
17.39.42.230,2019-07-10,14:34:13,购物,家电数码,志高
17.39.42.230,2019-07-29,22:23:36,游戏,休闲益智,Jelly Splash Jelly
17.39.42.230,2019-07-24,01:03:18,游戏,角色扮演,召唤之夜铸剑物语3:起源之石
17.39.42.230,2019-07-22,13:27:28,购物,运动健身,睡袋
17.39.42.230,2019-07-06,14:53:11,电影电视,爱情,"不期而遇张亮,张雨绮,"
17.39.42.230,2019-07-30,09:11:45,游戏,飞行射击,雷电战机之合金弹头
17.39.42.230,2019-07-15,11:18:46,游戏,经营策略,我的文明
17.39.42.230,2019-07-23,03:38:04,游戏,角色扮演,降魔神话
17.39.42.230,2019-07-16,00:23:33,游戏,跑酷竞速,小狗跑酷
17.39.42.230,2019-07-15,06:57:02,音乐,古典,Still WatersMaksim Mrvica
17.39.42.230,2019-07-21,15:03:18,电影电视,古装,"肥姐挂帅沈殿霞,邱心志,袁洁莹,"
17.39.42.230,2019-07-06,01:04:39,购物,运动健身,健身服
17.39.42.230,2019-07-02,07:29:30,电影电视,战争,"故梦陈坤,李小冉,罗海琼,"
17.39.42.230,2019-07-06,00:03:31,游戏,经营策略,错嫁太子妃
17.39.42.230,2019-07-06,16:12:06,游戏,动作冒险,Crafting Guide For Minecraft
17.39.42.230,2019-07-14,21:06:51,游戏,扑克棋牌,Princess Palace: Royal Puppy
17.39.42.230,2019-07-30,23:34:31,游戏,扑克棋牌,战争与文明
17.39.42.230,2019-07-25,23:51:38,电影电视,恐怖,剧能剪
17.39.42.230,2019-07-17,12:04:05,电影电视,战争,买房夫妻
17.39.42.230,2019-07-13,13:26:50,购物,乐器,民谣吉他
17.39.42.230,2019-07-14,02:49:44,音乐,摇滚,少年他的奇幻漂流五月天
17.39.42.230,2019-07-08,23:16:30,游戏,休闲益智,英雄难过棍子关
17.39.42.230,2019-07-18,20:29:40,电影电视,科幻,"暮色之战：异能部队任宇,"
17.39.42.230,2019-07-03,23:09:08,音乐,嘻哈,双人床Gold Child
17.39.42.230,2019-07-20,10:59:56,游戏,扑克棋牌,恋爱方块
17.39.42.230,2019-07-10,16:13:09,游戏,动作冒险,我的矿工世界
17.39.42.230,2019-07-23,16:48:32,购物,女装,重工
17.39.42.230,2019-07-22,21:30:54,购物,女装,
17.39.42.230,2019-07-14,11:55:50,购物,游戏动漫,RAC赛车游戏
17.39.42.230,2019-07-10,09:56:45,电影电视,古装,"王爷到何冰,江珊,毕彦君,"
17.39.42.230,2019-07-14,23:48:32,购物,游戏动漫,SLG战略游戏
17.39.42.230,2019-07-13,14:57:57,电影电视,恐怖,"邻家僵尸柳勋,洪英根,"
17.39.42.230,2019-07-01,12:07:30,购物,书籍课程,医师／药师
17.39.42.230,2019-07-07,17:47:36,游戏,角色扮演,梦三国无双(S服版)
17.39.42.230,2019-07-09,05:42:36,购物,游戏动漫,轩辕剑
17.39.42.230,2019-07-25,13:08:09,电影电视,科幻,"极速游戏宛成,马佳马尧,谈莎莎,"
17.39.42.230,2019-07-17,23:22:57,购物,家电数码,iPhone  7
17.39.42.230,2019-07-11,12:16:10,音乐,动漫ACG,アイロニ4円
17.39.42.230,2019-07-26,02:36:57,购物,乐器,尤克里里
17.39.42.230,2019-07-05,01:09:11,游戏,飞行射击,突击队警方打击
17.39.42.230,2019-07-19,21:47:48,游戏,休闲益智,消灭星星PopStar ~打发时间消消乐~
17.39.42.230,2019-07-22,15:42:44,音乐,中国特色,什么也不说郁钧剑
17.39.42.230,2019-07-25,22:34:32,游戏,休闲益智,Revolution Offroad
17.39.42.230,2019-07-30,16:44:18,游戏,角色扮演,大闹西游
17.39.42.230,2019-07-15,15:27:05,游戏,经营策略,托卡生活：邻居
17.39.42.230,2019-07-18,02:38:19,音乐,民谣,Paris BluesTerry Callier
17.39.42.230,2019-07-12,14:45:52,电影电视,动作,"碟中谍5：神秘国度汤姆·克鲁斯,"
17.39.42.230,2019-07-28,14:16:24,购物,母婴儿童,潮流玩具
17.39.42.230,2019-07-21,03:11:47,电影电视,古装,"仙侠剑DVD版蒋毅,"
17.39.42.230,2019-07-03,02:11:38,游戏,扑克棋牌,小心门后
17.39.42.230,2019-07-30,05:59:30,电影电视,喜剧,冰川时代5：星际碰撞（普通话）
17.39.42.230,2019-07-05,14:02:26,购物,家电数码,魅族
17.39.42.230,2019-07-07,21:19:16,购物,游戏动漫,海绵宝宝
17.39.42.230,2019-07-01,16:02:09,电影电视,喜剧,"憨豆先生的大灾难罗温·艾金森,"
17.39.42.230,2019-07-09,11:36:32,游戏,动作冒险,Kof Fighter 2003 Arcade
17.39.42.230,2019-07-29,11:57:50,电影电视,恐怖,幽灵情书（粤语）
17.39.42.230,2019-07-12,18:44:06,游戏,经营策略,铁锈战争王者之战
17.39.42.230,2019-07-13,06:17:07,游戏,扑克棋牌,吃豆大作战
17.39.42.230,2019-07-31,02:04:31,电影电视,家庭,"祈望孙淳,茹萍,"
17.39.42.230,2019-07-23,09:48:03,音乐,流行,站着等你三千年马天
17.39.42.230,2019-07-06,18:27:36,购物,男装,棉衣
17.39.42.230,2019-07-19,08:24:22,游戏,休闲益智,Color bump King
17.39.42.230,2019-07-30,02:47:15,音乐,民谣,Catherine Howard's FateBlackmore's Night
17.39.42.230,2019-07-03,01:33:41,游戏,休闲益智,钢琴块3
17.39.42.230,2019-07-09,08:30:46,音乐,流行,A.I.N.Y. (爱你)G.E.M.邓紫棋
17.39.42.230,2019-07-10,05:14:57,购物,书籍课程,教师证
17.39.42.230,2019-07-31,06:01:30,游戏,动作冒险,豪血寺一族Power Instinct
17.39.42.230,2019-07-11,14:53:12,购物,女装,衬衫
17.39.42.230,2019-07-11,05:37:29,购物,乐器,乐器包
17.39.42.230,2019-07-04,09:55:21,购物,书籍课程,中医养生
17.39.42.230,2019-07-27,16:50:33,游戏,跑酷竞速,不可能的BMX自行车特技
17.39.42.230,2019-07-08,22:59:16,游戏,飞行射击,坦克大战模拟器
17.39.42.230,2019-07-15,08:13:22,游戏,飞行射击,雷霆2015
17.39.42.230,2019-07-15,01:34:14,电影电视,喜剧,"驯龙高手3杰伊·巴鲁切尔,凯特·布兰切特,亚美莉卡·费雷拉,"
17.39.42.230,2019-07-14,17:13:48,购物,零食生鲜,方便主食
17.39.42.230,2019-07-22,22:49:01,购物,运动健身,运动文胸
17.39.42.230,2019-07-15,21:19:14,购物,书籍课程,中医养生
17.39.42.230,2019-07-15,20:39:37,购物,母婴儿童,电动车
17.39.42.230,2019-07-28,15:12:52,电影电视,科幻,魔翡翠（粤语）
17.39.42.230,2019-07-18,11:50:32,音乐,动漫ACG,煌めく瞬間に捕らわれて (Cinema Version) (Bonus Track)MANISH
17.39.42.230,2019-07-22,22:05:40,购物,母婴儿童,吸奶器
17.39.42.230,2019-07-26,10:32:19,购物,游戏动漫,海绵宝宝
17.39.42.230,2019-07-22,07:51:51,电影电视,动画,"飞机总动员2：火线救援戴恩·库克,"
17.39.42.230,2019-07-15,22:58:04,游戏,休闲益智,饭局狼人杀
17.39.42.230,2019-07-27,09:10:48,电影电视,爱情,"赎罪凯拉·奈特莉,"
17.39.42.230,2019-07-03,18:11:32,购物,家电数码,iPhone  7
17.39.42.230,2019-07-05,20:46:03,游戏,动作冒险,追击野兽
17.39.42.230,2019-07-30,19:04:01,游戏,扑克棋牌,愤怒的小鸟经典版
17.39.42.230,2019-07-16,17:06:35,购物,家电数码,拍照手机
17.39.42.230,2019-07-25,20:34:40,电影电视,动作,"摔跤吧！爸爸（普通话）阿米尔·汗,法缇玛·萨那·纱卡,桑亚·玛荷塔,"
17.39.42.230,2019-07-11,20:39:22,电影电视,爱情,"机器人总动员本·贝尔特,艾丽莎·奈特,"
17.39.42.230,2019-07-17,11:12:19,音乐,儿童,数鸭子儿歌
17.39.42.230,2019-07-20,18:30:12,购物,运动健身,分体泳衣
17.39.42.230,2019-07-27,01:51:09,购物,乐器,大提琴
17.39.42.230,2019-07-26,15:29:08,游戏,经营策略,感恩超市卖场
17.39.42.230,2019-07-26,10:44:29,购物,珠宝配饰,项链
17.39.42.230,2019-07-01,22:20:20,购物,游戏动漫,仙剑奇侠传
17.39.42.230,2019-07-11,10:34:30,游戏,扑克棋牌,开心消水果
17.39.42.230,2019-07-07,17:19:43,游戏,飞行射击,荒野行动狙击训练场
17.39.42.230,2019-07-28,08:39:32,购物,女装,街拍范
17.39.42.230,2019-07-20,23:50:04,电影电视,恐怖,"黑暗深处之惊魂夜林潇（演员）,沐岚,李劲峰,"
17.39.42.230,2019-07-28,21:09:07,电影电视,恐怖,"终极人鱼岛卢夫斯·塞维尔,卡拉·古奇诺,吉姆·皮多克,"
17.39.42.230,2019-07-19,04:37:39,电影电视,喜剧,"二次初恋朱茵,杜天皓,"
17.39.42.230,2019-07-30,23:38:19,音乐,中国特色,寻梦·嘉庆子 尹令龚隐雷
17.39.42.230,2019-07-17,22:33:49,音乐,动漫ACG,空中散歩久石譲
17.39.42.230,2019-07-07,13:12:28,购物,珠宝配饰,项链
17.39.42.230,2019-07-06,23:33:15,购物,游戏动漫,三国杀
17.39.42.230,2019-07-20,10:20:35,购物,母婴儿童,营养食品
17.39.42.230,2019-07-01,21:46:13,购物,乐器,谱架
17.39.42.230,2019-07-14,11:42:11,购物,零食生鲜,百香果
17.39.42.230,2019-07-02,12:22:37,电影电视,喜剧,"高手高手高高手李奎,汤畅,"
17.39.42.230,2019-07-31,18:55:49,电影电视,科幻,"极速游戏宛成,马佳马尧,谈莎莎,"
17.39.42.230,2019-07-12,01:28:56,购物,书籍课程,美剧英语
17.39.42.230,2019-07-21,16:49:59,游戏,跑酷竞速,City Driving Kia Car Simulator
17.39.42.230,2019-07-25,22:30:53,游戏,扑克棋牌,Flappy Bird
17.39.42.230,2019-07-15,05:04:25,电影电视,科幻,"纽约大逃亡库尔特·拉塞尔,"
17.39.42.230,2019-07-23,01:15:51,游戏,休闲益智,锈湖：天堂岛
